t_H,dBz
1.208153776133258361e-06,0.000000000000000000e+00
1.512559492766740732e-06,-2.417378127574920654e-04
1.853277126429020427e-06,-6.370052142301574349e-05
2.230516656709369272e-06,-2.234498097095638514e-04
2.644452251843176782e-06,-6.591407873202115297e-05
3.095229658356402069e-06,-2.208405639976263046e-04
3.582973477023188025e-06,-8.175920811481773853e-05
4.107791028218343854e-06,-2.161925076507031918e-04
4.669775535148801282e-06,-8.608319330960512161e-05
5.269008852337719873e-06,-2.008806914091110229e-04
5.905563284613890573e-06,-8.956651436164975166e-05
6.579503406101139262e-06,-1.908564008772373199e-04
7.290887424460379407e-06,-9.792455239221453667e-05
8.039766726142261177e-06,-1.817421871237456799e-04
8.826189514365978539e-06,-1.040094648487865925e-04
9.650198080635163933e-06,-1.709107309579849243e-04
1.051183153322199360e-05,-1.088157878257334232e-04
1.141112625191453844e-05,-1.605508732609450817e-04
1.234811497852206230e-05,-1.128637813962996006e-04
1.332282863586442545e-05,-1.503017847426235676e-04
1.433529541827738285e-05,-1.154644996859133244e-04
1.538554170110728592e-05,-1.403118367306888103e-04
1.647359204071108252e-05,-1.170132309198379517e-04
1.759946826496161520e-05,-1.309900544583797455e-04
1.876319220173172653e-05,-1.174379140138626099e-04
1.996478567889425904e-05,-1.221236307173967361e-04
2.120426506735384464e-05,-1.166019937954843044e-04
2.248165037599392235e-05,-1.137315412051975727e-04
2.379695615672972053e-05,-1.146257854998111725e-04
2.515020059945527464e-05,-1.058130292221903801e-04
2.654139643709640950e-05,-1.115942723117768764e-04
2.797055822156835347e-05,-9.837988181971013546e-05
2.943770050478633493e-05,-1.077227061614394188e-04
3.094283601967617869e-05,-9.146938100457191467e-05
3.248597568017430604e-05,-1.031327701639384031e-04
3.406713221920654178e-05,-8.495652582496404648e-05
3.568631655070930719e-05,-9.792100172489881516e-05
3.734353595064021647e-05,-7.884349906817078590e-05
3.903880497091449797e-05,-9.232872980646789074e-05
4.077213088748976588e-05,-7.313696551136672497e-05
4.254352097632363439e-05,-8.646675269119441509e-05
4.435298615135252476e-05,-6.774287612643092871e-05
4.620053732651285827e-05,-8.044981223065406084e-05
4.808617813978344202e-05,-6.266951095312833786e-05
5.000991950510069728e-05,-7.445579831255599856e-05
5.197176869842223823e-05,-5.792413867311552167e-05
5.397173299570567906e-05,-6.856422260170802474e-05
5.600981603492982686e-05,-5.343103839550167322e-05
5.808602873003110290e-05,-6.282296089921146631e-05
6.020037471898831427e-05,-4.920195351587608457e-05
6.235286127775907516e-05,-5.736323873861692846e-05
6.454349204432219267e-05,-4.526625707512721419e-05
6.677227793261408806e-05,-5.221334504312835634e-05
6.903921894263476133e-05,-4.156798240728676319e-05
7.134432962629944086e-05,-4.738455027109012008e-05
7.368760270765051246e-05,-3.812180875684134662e-05
7.606905273860320449e-05,-4.293063102522864938e-05
7.848867971915751696e-05,-3.493790791253559291e-05
8.094649092527106404e-05,-3.884469333570450544e-05
8.344248635694384575e-05,-3.197840487700887024e-05
8.597667329013347626e-05,-3.509845919325016439e-05
8.854905900079756975e-05,-2.924314321717247367e-05
9.115964348893612623e-05,-3.172096694470383227e-05
9.380843403050675988e-05,-2.676217991393059492e-05
9.649543790146708488e-05,-2.869247509806882590e-05
9.922065510181710124e-05,-2.448480881866998971e-05
1.019840856315568089e-04,-2.595882870082277805e-05
1.047857367666438222e-04,-2.240964022348634899e-05
1.076256157830357552e-04,-2.353380477870814502e-05
1.105037154047749937e-04,-2.054761716863140464e-05
1.134200501837767661e-04,-2.138111267413478345e-05
1.163746201200410724e-04,-1.885468009277246892e-05
1.193674252135679126e-04,-1.945184340002015233e-05
1.223984727403149009e-04,-1.731733027554582804e-05
1.254677627002820373e-04,-1.774690463207662106e-05
1.285752950934693217e-04,-1.595798494236078113e-05
1.317210844717919827e-04,-1.626192715775687248e-05
1.349051162833347917e-04,-1.474591681471792981e-05
1.381274050800129771e-04,-1.493416129960678518e-05
1.413879508618265390e-04,-1.363822048006113619e-05
1.446867536287754774e-04,-1.374701787426602095e-05
1.480238279327750206e-04,-1.264932870981283486e-05
1.513991592219099402e-04,-1.270783013751497492e-05
1.548127620480954647e-04,-1.177716330857947469e-05
1.582646364113315940e-04,-1.179413084173575044e-05
1.617547823116183281e-04,-1.099340079235844314e-05
1.652831997489556670e-04,-1.096972755476599559e-05
1.688498887233436108e-04,-1.027472444548038766e-05
1.724548637866973877e-04,-1.022883679979713634e-05
1.760981249390169978e-04,-9.637564289732836187e-06
1.797796576283872128e-04,-9.584747203916776925e-06
1.834994764067232609e-04,-9.074748049897607416e-06
1.872575958259403706e-04,-9.000948011816944927e-06
1.910540013341233134e-04,-8.546083336113952100e-06
1.948886929312720895e-04,-8.459789569315034896e-06
1.987616851693019271e-04,-8.069516297837253660e-06
2.026729634962975979e-04,-7.989476216607727110e-06
2.066225424641743302e-04,-7.651546184206381440e-06
2.106104220729321241e-04,-7.559725872852141038e-06
2.146366023225709796e-04,-7.250716407725121826e-06
2.187010832130908966e-04,-7.153635124268475920e-06
2.228038647444918752e-04,-6.888804819027427584e-06
2.269449614686891437e-04,-6.801892141083953902e-06
2.311243588337674737e-04,-6.566962838405743241e-06
2.353420713916420937e-04,-6.469211257353890687e-06
2.395980845903977752e-04,-6.251350441743852571e-06
2.438924129819497466e-04,-6.157339612400392070e-06
2.482250565662980080e-04,-5.970056918158661574e-06
2.525960153434425592e-04,-5.879815944354049861e-06
2.570053038652986288e-04,-5.706719548470573500e-06
2.614528930280357599e-04,-5.614600922854151577e-06
2.659388119354844093e-04,-5.459898602566681802e-06
2.704630314838141203e-04,-5.372524356062058359e-06
2.750255807768553495e-04,-5.231024260865524411e-06
2.796264598146080971e-04,-5.143822818354237825e-06
2.842656685970723629e-04,-5.014978796680225059e-06
2.889432071242481470e-04,-4.931255716655869037e-06
2.936590753961354494e-04,-4.811836333828978240e-06
2.984132734127342701e-04,-4.728847670776303858e-06
3.032058011740446091e-04,-4.620042091119103134e-06
3.080366586800664663e-04,-4.542665010376367718e-06
3.129058459307998419e-04,-4.442454155650921166e-06
3.178133629262447357e-04,-4.365113454696256667e-06
3.227592096664011478e-04,-4.270245881343726069e-06
3.277433861512690783e-04,-4.196417648927308619e-06
3.327659214846789837e-04,-4.109237124794162810e-06
3.378267865628004074e-04,-4.037823146063601598e-06
3.429259813856333494e-04,-3.955470219807466492e-06
3.480635059531778097e-04,-3.886957529175560921e-06
3.532393893692642450e-04,-3.810486759903142229e-06
3.584536025300621986e-04,-3.744654350157361478e-06
3.637061745394021273e-04,-3.672100774565478787e-06
3.689970762934535742e-04,-3.608327006077161059e-06
3.743263368960469961e-04,-3.539581030054250732e-06
3.796939272433519363e-04,-3.477831342024728656e-06
3.850998764391988516e-04,-3.412371142985648476e-06
3.905441844835877419e-04,-3.353162810526555404e-06
3.960268222726881504e-04,-3.291564098617527634e-06
4.015478189103305340e-04,-3.234902123949723318e-06
4.071071743965148926e-04,-3.176239715685369447e-06
4.127048887312412262e-04,-3.121630925306817517e-06
4.183409328106790781e-04,-3.065595137741183862e-06
4.240153357386589050e-04,-3.012744400621159002e-06
4.297280975151807070e-04,-2.958796585517120548e-06
4.354792181402444839e-04,-2.907629550463752821e-06
4.412686976138502359e-04,-2.856031187548069283e-06
4.470965359359979630e-04,-2.806878001138102263e-06
4.529627331066876650e-04,-2.757581569312606007e-06
4.588672891259193420e-04,-2.710343551370897330e-06
4.648102039936929941e-04,-2.663043005668441765e-06
4.707914777100086212e-04,-2.617259042381192558e-06
4.768111102748662233e-04,-2.571402546891476959e-06
4.828691016882658005e-04,-2.527058313717134297e-06
4.889654810540378094e-04,-2.483292519173119217e-06
4.951002192683517933e-04,-2.441264314256841317e-06
5.012733163312077522e-04,-2.399666072960826568e-06
5.074847722426056862e-04,-2.358678784730727784e-06
5.137345870025455952e-04,-2.317155576747609302e-06
5.200227606110274792e-04,-2.276049372085253708e-06
5.263492930680513382e-04,-2.235772171843564138e-06
5.327141843736171722e-04,-2.197592493757838383e-06
5.391174927353858948e-04,-2.160931671824073419e-06
5.455591599456965923e-04,-2.125066203007008880e-06
5.520391860045492649e-04,-2.088674136757617816e-06
5.585575709119439125e-04,-2.051903265964938328e-06
5.651143146678805351e-04,-2.015273366851033643e-06
5.717094754800200462e-04,-1.979966100407182239e-06
5.783429951407015324e-04,-1.946125621543615125e-06
5.850148736499249935e-04,-1.913294909172691405e-06
5.917251110076904297e-04,-1.880467152659548447e-06
5.984737654216587543e-04,-1.847437943069962785e-06
6.052607786841690540e-04,-1.814669758459785953e-06
6.120861507952213287e-04,-1.783022753443219699e-06
6.189499399624764919e-04,-1.752556954670581035e-06
6.258520879782736301e-04,-1.722790102576254867e-06
6.327925948426127434e-04,-1.693111016720649786e-06
6.397715187631547451e-04,-1.663465354795334861e-06
6.467888015322387218e-04,-1.634028194530401379e-06
6.538444431498646736e-04,-1.605120587555575185e-06
6.609385018236935139e-04,-1.576930344526772387e-06
6.680709193460643291e-04,-1.549541480017069262e-06
6.752416957169771194e-04,-1.522722186564351432e-06
6.824508891440927982e-04,-1.496159256930695847e-06
6.896984414197504520e-04,-1.469854623792343773e-06
6.969844107516109943e-04,-1.444127860850130673e-06
7.043087389320135117e-04,-1.419034560967702419e-06
7.116714259609580040e-04,-1.394181253999704495e-06
7.190725300461053848e-04,-1.369340225210180506e-06
7.265119929797947407e-04,-1.344903921562945470e-06
7.339898729696869850e-04,-1.321340278082061559e-06
7.415061118081212044e-04,-1.298448751185787842e-06
7.490607677027583122e-04,-1.275590079785615671e-06
7.566537824459373951e-04,-1.252637161996972281e-06
7.642852142453193665e-04,-1.230187081091571599e-06
7.719550048932433128e-04,-1.208708226840826683e-06
7.796632125973701477e-04,-1.187914222100516781e-06
7.874097791500389576e-04,-1.167131699730816763e-06
7.951947627589106560e-04,-1.146109525507199578e-06
8.030181052163243294e-04,-1.125247308664256707e-06
8.108798647299408913e-04,-1.105047658711555414e-06
8.187799830920994282e-04,-1.085689746105344966e-06
8.267185185104608536e-04,-1.066850700226495974e-06
8.346954709850251675e-04,-1.048111016643815674e-06
8.427107823081314564e-04,-1.029299141919182148e-06
8.507645106874406338e-04,-1.010679739010811318e-06
8.588565979152917862e-04,-9.925989843395655043e-07
8.669871021993458271e-04,-9.751561265147756785e-07
8.751560235396027565e-04,-9.580319328961195424e-07
8.833633037284016609e-04,-9.409247923031216487e-07
8.916090009734034538e-04,-9.238718803317169659e-07
8.998930570669472218e-04,-9.072193165593489539e-07
9.082155302166938782e-04,-8.911756026463990565e-07
9.165764204226434231e-04,-8.755902740631427150e-07
9.249756694771349430e-04,-8.601128911323030479e-07
9.334133355878293514e-04,-8.446490937785711139e-07
9.418894187547266483e-04,-8.294126132568635512e-07
9.504038607701659203e-04,-8.145975129991711583e-07
9.589567198418080807e-04,-8.001022706594085321e-07
9.675479959696531296e-04,-7.857976243030861951e-07
9.761776309460401535e-04,-7.717356425018806476e-07
9.848456829786300659e-04,-7.580490546388318762e-07
9.935521520674228668e-04,-7.446463428095739800e-07
1.002297038212418556e-03,-7.313295213862147648e-07
1.011080341413617134e-03,-7.181477599260688294e-07
1.019901945255696774e-03,-7.053656645439332351e-07
1.028761966153979301e-03,-6.929975597813609056e-07
1.037660404108464718e-03,-6.807449608459137380e-07
1.046597259119153023e-03,-6.684318805127986707e-07
1.055572531186044216e-03,-6.562645467056427151e-07
1.064586220309138298e-03,-6.445392841669672634e-07
1.073638326488435268e-03,-6.332370503514539450e-07
1.082728733308613300e-03,-6.221436024134163745e-07
1.091857557184994221e-03,-6.111419565968390089e-07
1.101024798117578030e-03,-6.002510417602024972e-07
1.110230456106364727e-03,-5.894680157325637992e-07
1.119474531151354313e-03,-5.788099315395811573e-07
1.128757023252546787e-03,-5.684249799742246978e-07
1.138077932409942150e-03,-5.584644213740830310e-07
1.147437258623540401e-03,-5.488126930686121341e-07
1.156835001893341541e-03,-5.392074626797693782e-07
1.166271162219345570e-03,-5.295458436194167007e-07
1.175745623186230659e-03,-5.199727866056491621e-07
1.185258501209318638e-03,-5.106573439661588054e-07
1.194809796288609505e-03,-5.016165687266038731e-07
1.204399508424103260e-03,-4.928090220346348360e-07
1.214027637615799904e-03,-4.842370344704249874e-07
1.223694183863699436e-03,-4.758579166264098603e-07
1.233399147167801857e-03,-4.675220850458572386e-07
1.243142527528107166e-03,-4.591198887737846235e-07
1.252924324944615364e-03,-4.507510027451644419e-07
1.262744539417326450e-03,-4.426582904670794960e-07
1.272603170946240425e-03,-4.349841162820666796e-07
1.282500219531357288e-03,-4.276232630218146369e-07
1.292435685172677040e-03,-4.203375283395871520e-07
1.302409451454877853e-03,-4.129468038627237547e-07
1.312421634793281555e-03,-4.054579676449066028e-07
1.322472235187888145e-03,-3.980834435424185358e-07
1.332561252638697624e-03,-3.910507473392499378e-07
1.342688687145709991e-03,-3.844252489670907380e-07
1.352854538708925247e-03,-3.780002373332536081e-07
1.363058807328343391e-03,-3.714891363415517844e-07
1.373301493003964424e-03,-3.648034407888189889e-07
1.383582595735788345e-03,-3.581633905014314223e-07
1.393902115523815155e-03,-3.518487119436031207e-07
1.404260052368044853e-03,-3.459346942236152245e-07
1.414656406268477440e-03,-3.401993922125257086e-07
1.425091177225112915e-03,-3.343852199577668216e-07
1.435564365237951279e-03,-3.284150693616538774e-07
1.446075970306992531e-03,-3.224712088467640569e-07
1.456625992432236671e-03,-3.167862701047852170e-07
1.467214431613683701e-03,-3.114390381142584374e-07
1.477841287851333618e-03,-3.062913549456425244e-07
1.488506561145186424e-03,-3.011187459378561471e-07
1.499210251495242119e-03,-2.958353206850006245e-07
1.509952358901500702e-03,-2.905680958065204322e-07
1.520732883363962173e-03,-2.854963838672119891e-07
1.531551824882626534e-03,-2.806646364206244471e-07
1.542409183457493782e-03,-2.759702795174234780e-07
1.553304959088563919e-03,-2.712923787839827128e-07
1.564239151775836945e-03,-2.666072873580560554e-07
1.575211761519312859e-03,-2.619790109292807756e-07
1.586222788318991661e-03,-2.574774953245650977e-07
1.597272232174873352e-03,-2.531134839500737144e-07
1.608360093086957932e-03,-2.488534391886787489e-07
1.619486371055245399e-03,-2.446487314955447800e-07
1.630651066079735756e-03,-2.404946144451969303e-07
1.641854178160429001e-03,-2.363902922297711484e-07
1.653095707297325134e-03,-2.323491514744091546e-07
1.664375653490424156e-03,-2.283848914430564037e-07
1.675694016739726067e-03,-2.245304671077974490e-07
1.687050797045230865e-03,-2.208010556614681263e-07
1.698445994406938553e-03,-2.171410216078584199e-07
1.709879608824849129e-03,-2.134771079909114633e-07
1.721351640298962593e-03,-2.098258846672251821e-07
1.732862088829278946e-03,-2.062781447875750018e-07
1.744410954415798187e-03,-2.028628500738705043e-07
1.755998237058520317e-03,-1.994966112306428840e-07
1.767623936757445335e-03,-1.961200268851825967e-07
1.779288053512573242e-03,-1.928007691276434343e-07
1.790990587323904037e-03,-1.896234493869997095e-07
1.802731538191437721e-03,-1.865352885488391621e-07
1.814510906115174294e-03,-1.834220881846704287e-07
1.826328691095113754e-03,-1.803016971280158032e-07
1.838184893131256104e-03,-1.772901185859154793e-07
1.850079512223601341e-03,-1.744280098137096502e-07
1.862012548372149467e-03,-1.716004476293164771e-07
1.873984001576900482e-03,-1.687265012151328847e-07
1.885993871837854385e-03,-1.658721089370374102e-07
1.898042275570333004e-03,-1.631464954243710963e-07
1.910129096359014511e-03,-1.605361035217356402e-07
1.922254334203898907e-03,-1.579399508955248166e-07
1.934417989104986191e-03,-1.553164565848419443e-07
1.946620061062276363e-03,-1.527219239960686537e-07
1.958860550075769424e-03,-1.502145607901184121e-07
1.971139339730143547e-03,-1.477956175222061574e-07
1.983456546440720558e-03,-1.454244795695558423e-07
1.995812403038144112e-03,-1.430713325589749729e-07
2.008206676691770554e-03,-1.407245804330159444e-07
2.020639367401599884e-03,-1.384000825055409223e-07
2.033110475167632103e-03,-1.361346733119717101e-07
2.045619999989867210e-03,-1.339492712304490851e-07
2.058167941868305206e-03,-1.318383198167794035e-07
2.070754300802946091e-03,-1.297518252840745845e-07
2.083379076793789864e-03,-1.276600585242704256e-07
2.096042269840836525e-03,-1.255634742847178131e-07
2.108743879944086075e-03,-1.235051314552038093e-07
2.121483907103538513e-03,-1.215214240346540464e-07
2.134262351319193840e-03,-1.196113856849478907e-07
2.147079212591052055e-03,-1.177443920141740819e-07
2.159934490919113159e-03,-1.158824787239609577e-07
2.172828186303377151e-03,-1.140232441798616492e-07
2.185760298743844032e-03,-1.121738932852167636e-07
2.198730828240513802e-03,-1.103668338942043192e-07
2.211739774793386459e-03,-1.086227285895802197e-07
2.224787138402462006e-03,-1.069433395173291501e-07
2.237872919067740440e-03,-1.052937719236979319e-07
2.250997116789221764e-03,-1.036409571497642901e-07
2.264159731566905975e-03,-1.019786708411629661e-07
2.277360763400793076e-03,-1.003435272650676779e-07
2.290600212290883064e-03,-9.875633111278148135e-08
2.303878311067819595e-03,-9.721106408733248827e-08
2.317194826900959015e-03,-9.570383951995609095e-08
2.330549759790301323e-03,-9.423192182111961301e-08
2.343943109735846519e-03,-9.278784318667021580e-08
2.357374876737594604e-03,-9.133967182606284041e-08
2.370845060795545578e-03,-8.988318711544707185e-08
2.384353661909699440e-03,-8.845609045238234103e-08
2.397900680080056190e-03,-8.709523058314516675e-08
2.411486115306615829e-03,-8.578895460686908336e-08
2.425109967589378357e-03,-8.448622423884444288e-08
2.438772236928343773e-03,-8.317596211782074533e-08
2.452472923323512077e-03,-8.187612365873064846e-08
2.466212026774883270e-03,-8.060838752044219291e-08
2.479989547282457352e-03,-7.937160972915080492e-08
2.493805484846234322e-03,-7.816304048446909292e-08
2.507659839466214180e-03,-7.698571380387875251e-08
2.521552611142396927e-03,-7.582421091001378954e-08
2.535483799874782562e-03,-7.465801843409280991e-08
2.549453638494014740e-03,-7.348671005047435756e-08
2.563461894169449806e-03,-7.234992693838648847e-08
2.577508566901087761e-03,-7.127330547973542707e-08
2.591593656688928604e-03,-7.023605519407283282e-08
2.605717163532972336e-03,-6.919169948105263757e-08
2.619879087433218956e-03,-6.812475561446262873e-08
2.634079428389668465e-03,-6.706545008228204097e-08
2.648318186402320862e-03,-6.604760471873305505e-08
2.662595361471176147e-03,-6.507421801416057860e-08
2.676910953596234322e-03,-6.412301445379853249e-08
2.691264962777495384e-03,-6.317377199138718424e-08
2.705657389014959335e-03,-6.221821990948228631e-08
2.720088232308626175e-03,-6.126298757180848042e-08
2.734557492658495903e-03,-6.033751276390830753e-08
2.749065170064568520e-03,-5.945708636545532499e-08
2.763611497357487679e-03,-5.860938045998409507e-08
2.778196241706609726e-03,-5.775321554324364115e-08
2.792819403111934662e-03,-5.687142135002432042e-08
2.807480981573462486e-03,-5.599478924978029681e-08
2.822180977091193199e-03,-5.516678669437169447e-08
2.836919389665126801e-03,-5.438628036813497602e-08
2.851696219295263290e-03,-5.361671640002896311e-08
2.866511465981602669e-03,-5.282661419414580450e-08
2.881365129724144936e-03,-5.202602437748282682e-08
2.896257210522890091e-03,-5.124535107370320475e-08
2.911187708377838135e-03,-5.050462803524169431e-08
2.926156623288989067e-03,-4.978977230507553031e-08
2.941163955256342888e-03,-4.907988682134600822e-08
2.956209937110543251e-03,-4.835703748540254310e-08
2.971294336020946503e-03,-4.763193572898671846e-08
2.986417151987552643e-03,-4.693180954973286134e-08
3.001578385010361671e-03,-4.626922134320921032e-08
3.016778035089373589e-03,-4.562493671755873947e-08
3.032016102224588394e-03,-4.496867944681071094e-08
3.047292586416006088e-03,-4.429917765946811414e-08
3.062607487663626671e-03,-4.364286709801490360e-08
3.077960805967450142e-03,-4.302545519863087975e-08
3.093352541327476501e-03,-4.243495510536376969e-08
3.108782693743705750e-03,-4.183723234518765821e-08
3.124251263216137886e-03,-4.122394159367104294e-08
3.139758249744772911e-03,-4.061659097942538210e-08
3.155303886160254478e-03,-4.004028753001875884e-08
3.170887939631938934e-03,-3.949212157294823555e-08
3.186510410159826279e-03,-3.894164279927281314e-08
3.202171297743916512e-03,-3.837752160507079680e-08
3.217870602384209633e-03,-3.782022162113207742e-08
3.233608324080705643e-03,-3.729429920440452406e-08
3.249384462833404541e-03,-3.678827198427825351e-08
3.265199018642306328e-03,-3.626796285516320495e-08
3.281051991507411003e-03,-3.573142137724971690e-08
3.296943381428718567e-03,-3.521666513961463352e-08
3.312873188406229019e-03,-3.474499976618972141e-08
3.328841645270586014e-03,-3.428638706282072235e-08
3.344848519191145897e-03,-3.380153756893378159e-08
3.360893810167908669e-03,-3.330142561708271387e-08
3.376977518200874329e-03,-3.282790572711746790e-08
3.393099643290042877e-03,-3.239193802073714323e-08
3.409260185435414314e-03,-3.195971487457427429e-08
3.425459144636988640e-03,-3.151063410200549697e-08
3.441696520894765854e-03,-3.105947854464830016e-08
3.457972314208745956e-03,-3.062979203605209477e-08
3.474286524578928947e-03,-3.021209238340816228e-08
3.490639152005314827e-03,-2.979582447437678638e-08
3.507030429318547249e-03,-2.938295473597918317e-08
3.523460123687982559e-03,-2.898311279864174139e-08
3.539928235113620758e-03,-2.859172099078932661e-08
3.556434763595461845e-03,-2.819489886007886525e-08
3.572979709133505821e-03,-2.779895069693338883e-08
3.589563071727752686e-03,-2.741806603978602652e-08
3.606184851378202438e-03,-2.705265345070984040e-08
3.622845048084855080e-03,-2.669244203445941821e-08
3.639543661847710609e-03,-2.632566165061689389e-08
3.656280692666769028e-03,-2.596058834569703322e-08
3.673056373372673988e-03,-2.560566514375750558e-08
3.689870471134781837e-03,-2.526380527001492737e-08
3.706722985953092575e-03,-2.492730999392733793e-08
3.723613917827606201e-03,-2.459098524809633091e-08
3.740543266758322716e-03,-2.425494471935962792e-08
3.757511032745242119e-03,-2.392334153000774677e-08
3.774517215788364410e-03,-2.360097894893442572e-08
3.791561815887689590e-03,-2.328615877900119813e-08
3.808644833043217659e-03,-2.297597312406196579e-08
3.825766267254948616e-03,-2.266878595946764108e-08
3.842926351353526115e-03,-2.236577500980274635e-08
3.860124852508306503e-03,-2.206794036396786396e-08
3.877361770719289780e-03,-2.177605651354497240e-08
3.894637105986475945e-03,-2.148781064192917256e-08
3.911950625479221344e-03,-2.120029662933120562e-08
3.929303027689456940e-03,-2.091567097295410349e-08
3.946693614125251770e-03,-2.063719506395500503e-08
3.964122850447893143e-03,-2.036479074263297662e-08
3.981590270996093750e-03,-2.009704402894385566e-08
3.999096341431140900e-03,-1.983107367209413496e-08
4.016640596091747284e-03,-1.956725803609060677e-08
4.034223500639200211e-03,-1.930793303017708240e-08
4.051844589412212372e-03,-1.905389979128813138e-08
4.069504328072071075e-03,-1.880596300907200202e-08
4.087202716618776321e-03,-1.856329845395521261e-08
4.104939289391040802e-03,-1.832304441506948933e-08
4.122714512050151825e-03,-1.808343341735962895e-08
4.140527918934822083e-03,-1.784325931453167868e-08
4.158379975706338882e-03,-1.760686174634429335e-08
4.176270216703414917e-03,-1.737737242990533559e-08
4.194199107587337494e-03,-1.715521591449942207e-08
4.212166182696819305e-03,-1.693661744184282725e-08
4.230171907693147659e-03,-1.671762461796788557e-08
4.248216282576322556e-03,-1.649749492571572773e-08
4.266298841685056686e-03,-1.627949330895717139e-08
4.284420050680637360e-03,-1.606753130545257591e-08
4.302579443901777267e-03,-1.586053421931410412e-08
4.320777487009763718e-03,-1.565851093232595304e-08
4.339013714343309402e-03,-1.545945593761643977e-08
4.357288591563701630e-03,-1.526198722956451093e-08
4.375601653009653091e-03,-1.506378666249474918e-08
4.393953364342451096e-03,-1.486861478383616486e-08
4.412343725562095642e-03,-1.467783850017667646e-08
4.430772271007299423e-03,-1.449453446156212522e-08
4.449239466339349747e-03,-1.431264529117015627e-08
4.467744845896959305e-03,-1.412879591100590915e-08
4.486288875341415405e-03,-1.394544568711353349e-08
4.504871089011430740e-03,-1.376771407990418084e-08
4.523491952568292618e-03,-1.359476087259281485e-08
4.542151000350713730e-03,-1.342122502023812558e-08
4.560848698019981384e-03,-1.324667486812813877e-08
4.579585045576095581e-03,-1.307753194623728632e-08
4.598359577357769012e-03,-1.291671658520954225e-08
4.617172759026288986e-03,-1.275944683243324107e-08
4.636024124920368195e-03,-1.259876025727635351e-08
4.654914140701293945e-03,-1.243728231514751315e-08
4.673842340707778931e-03,-1.227939172565584158e-08
4.692809190601110458e-03,-1.212649358706130442e-08
4.711814690381288528e-03,-1.197392673901731541e-08
4.730858374387025833e-03,-1.182221964768359612e-08
4.749940708279609680e-03,-1.167507335253503697e-08
4.769061226397752762e-03,-1.153376949503126525e-08
4.788220394402742386e-03,-1.139258731797099244e-08
4.807417746633291245e-03,-1.124788173711976924e-08
4.826653748750686646e-03,-1.110231107048775812e-08
4.845927935093641281e-03,-1.096355539687010605e-08
4.865240771323442459e-03,-1.083050449324218789e-08
4.884592257440090179e-03,-1.070023447624635082e-08
4.903981927782297134e-03,-1.056898923934568302e-08
4.923410248011350632e-03,-1.043764452646200880e-08
4.942876752465963364e-03,-1.030652008182642021e-08
4.962381906807422638e-03,-1.017770401290363225e-08
4.981925245374441147e-03,-1.005367877837670676e-08
5.001507233828306198e-03,-9.934542077871810761e-09
5.021127872169017792e-03,-9.814687729203797062e-09
5.040786694735288620e-03,-9.690947599949595315e-09
5.060484167188405991e-03,-9.566985426090468536e-09
5.080219823867082596e-03,-9.449456328525229765e-09
5.099994130432605743e-03,-9.339350626191844640e-09
5.119806621223688126e-03,-9.229665920429397374e-09
5.139657761901617050e-03,-9.117197663499609916e-09
5.159547086805105209e-03,-9.003029433074516419e-09
5.179475061595439911e-03,-8.891822389500703139e-09
5.199441686272621155e-03,-8.784646787773908727e-09
5.219446495175361633e-03,-8.678322060973187035e-09
5.239489953964948654e-03,-8.573057819205587293e-09
5.259571596980094910e-03,-8.469908330255293549e-09
5.279691889882087708e-03,-8.371452864253114967e-09
5.299850367009639740e-03,-8.273639551248379576e-09
5.320047494024038315e-03,-8.172898802172312571e-09
5.340283270925283432e-03,-8.069257262377504958e-09
5.360557232052087784e-03,-7.969490845027848991e-09
5.380869843065738678e-03,-7.877416052792796108e-09
5.401220638304948807e-03,-7.788810485465091915e-09
5.421610083431005478e-03,-7.696703718806929828e-09
5.442037712782621384e-03,-7.601688167824249831e-09
5.462503992021083832e-03,-7.509672883543316857e-09
5.483008921146392822e-03,-7.421839143262332072e-09
5.503552034497261047e-03,-7.334956642068846122e-09
5.524133797734975815e-03,-7.246227617940803611e-09
5.544753745198249817e-03,-7.159262960243495399e-09
5.565412342548370361e-03,-7.075836361281062636e-09
5.586109124124050140e-03,-6.994126167114700365e-09
5.606844555586576462e-03,-6.911479388804764312e-09
5.627618636935949326e-03,-6.828940968262031674e-09
5.648430902510881424e-03,-6.749068859335238812e-09
5.669281817972660065e-03,-6.670244800943692098e-09
5.690170917659997940e-03,-6.591150736312556546e-09
5.711098667234182358e-03,-6.513044326084127533e-09
5.732064601033926010e-03,-6.438348520987347001e-09
5.753069184720516205e-03,-6.366205340668784629e-09
5.774111952632665634e-03,-6.293050969219393664e-09
5.795193370431661606e-03,-6.217787174023214902e-09
5.816313438117504120e-03,-6.143245911971462192e-09
5.837471690028905869e-03,-6.071576574839809837e-09
5.858668591827154160e-03,-6.003102903662238532e-09
5.879903677850961685e-03,-5.935389069122720684e-09
5.901177413761615753e-03,-5.867592633990170725e-09
5.922489333897829056e-03,-5.799696278785404502e-09
5.943839903920888901e-03,-5.732494479104843776e-09
5.965229123830795288e-03,-5.666110247659617016e-09
5.986656527966260910e-03,-5.600505836866886966e-09
6.008122581988573074e-03,-5.536106684189689986e-09
6.029626820236444473e-03,-5.473327568950026034e-09
6.051169708371162415e-03,-5.411504577779169267e-09
6.072750780731439590e-03,-5.351157739141854108e-09
6.094370502978563309e-03,-5.290783366973528246e-09
6.116028875112533569e-03,-5.229726873778872687e-09
6.137725431472063065e-03,-5.168595329507752467e-09
6.159460637718439102e-03,-5.108304446110878416e-09
6.181234028190374374e-03,-5.050827311947614362e-09
6.203046068549156189e-03,-4.995864166801311512e-09
6.224896293133497238e-03,-4.941343334508019325e-09
6.246785167604684830e-03,-4.885669646625956375e-09
6.268712691962718964e-03,-4.829163735564634408e-09
6.290678400546312332e-03,-4.774204143132010358e-09
6.312682759016752243e-03,-4.720746904496309071e-09
6.334725301712751389e-03,-4.668725850365262886e-09
6.356806494295597076e-03,-4.617140447749079613e-09
6.378925871104001999e-03,-4.565123390420922078e-09
6.401083897799253464e-03,-4.513217355395227059e-09
6.423280574381351471e-03,-4.463240443897120713e-09
6.445515435189008713e-03,-4.414219212378611701e-09
6.467788945883512497e-03,-4.364964834024931406e-09
6.490100640803575516e-03,-4.315315216274484555e-09
6.512450985610485077e-03,-4.266470732261495868e-09
6.534839514642953873e-03,-4.219729898835566928e-09
6.557266693562269211e-03,-4.174180112670455856e-09
6.579732522368431091e-03,-4.129198316604743013e-09
6.602236535400152206e-03,-4.083554827616353577e-09
6.624779198318719864e-03,-4.037844725246486632e-09
6.647360045462846756e-03,-3.994355068925870000e-09
6.669979542493820190e-03,-3.952079552504983440e-09
6.692637689411640167e-03,-3.909392809475775721e-09
6.715334020555019379e-03,-3.865547881787279039e-09
6.738069001585245132e-03,-3.821564398265309137e-09
6.760842166841030121e-03,-3.778675594645619640e-09
6.783653981983661652e-03,-3.738145348819443825e-09
6.806503981351852417e-03,-3.698737316426559119e-09
6.829392630606889725e-03,-3.659242020503938875e-09
6.852319929748773575e-03,-3.619979649371884989e-09
6.875285413116216660e-03,-3.580831631211367494e-09
6.898289546370506287e-03,-3.541879012303184027e-09
6.921331863850355148e-03,-3.503664025572561513e-09
6.944412831217050552e-03,-3.466217091130374683e-09
6.967531982809305191e-03,-3.428540118477485521e-09
6.990689784288406372e-03,-3.392594205564591903e-09
7.013886235654354095e-03,-3.357241151746848118e-09
7.037120871245861053e-03,-3.321020791702267161e-09
7.060394156724214554e-03,-3.284871041842052364e-09
7.083705626428127289e-03,-3.248793012389228352e-09
7.107055746018886566e-03,-3.214492005909619365e-09
7.130444049835205078e-03,-3.180533170166199852e-09
7.153871003538370132e-03,-3.146897409322946260e-09
7.177336607128381729e-03,-3.114782876068034057e-09
7.200840394943952560e-03,-3.082693655898083307e-09
7.224382832646369934e-03,-3.050463437404005163e-09
7.247963454574346542e-03,-3.016303651293128496e-09
7.271582726389169693e-03,-2.982754043756585816e-09
7.295240182429552078e-03,-2.951304090004214231e-09
7.318936288356781006e-03,-2.921430652946810369e-09
7.342671044170856476e-03,-2.892241113272575603e-09
7.366443984210491180e-03,-2.862075465515090400e-09
7.390255574136972427e-03,-2.832852397105511955e-09
7.414105348289012909e-03,-2.803284493424484936e-09
7.437993772327899933e-03,-2.772298612896406667e-09
7.461920846253633499e-03,-2.741459947941393693e-09
7.485886104404926300e-03,-2.712337687782451212e-09
7.509890012443065643e-03,-2.685650368761116624e-09
7.533932104706764221e-03,-2.659702458274182391e-09
7.558012846857309341e-03,-2.632557949411307163e-09
7.582131773233413696e-03,-2.604672033612587256e-09
7.606289349496364594e-03,-2.577051017027542912e-09
7.630485575646162033e-03,-2.549840338872400025e-09
7.654719986021518707e-03,-2.524326969677304078e-09
7.678993046283721924e-03,-2.498955709029360150e-09
7.703304290771484375e-03,-2.473847571238252385e-09
7.727654185146093369e-03,-2.448093949780627554e-09
7.752042263746261597e-03,-2.422875233776267123e-09
7.776468992233276367e-03,-2.397307019563754693e-09
7.800934370607137680e-03,-2.371991048022437099e-09
7.825437933206558228e-03,-2.348111927119589382e-09
7.849980145692825317e-03,-2.324838987988187000e-09
7.874560542404651642e-03,-2.302591450842328413e-09
7.899179123342037201e-03,-2.279424649032080197e-09
7.923836819827556610e-03,-2.255755582325491559e-09
7.948532700538635254e-03,-2.232096729670729474e-09
7.973266765475273132e-03,-2.209246785511709277e-09
7.998039945960044861e-03,-2.188109693435080771e-09
8.022851310670375824e-03,-2.166460788544100069e-09
8.047700859606266022e-03,-2.144314947827297146e-09
8.072589524090290070e-03,-2.122348297106668724e-09
8.097516372799873352e-03,-2.100545515304474975e-09
8.122481405735015869e-03,-2.079565852852738317e-09
8.147484622895717621e-03,-2.058599513077297161e-09
8.172526955604553223e-03,-2.038331503584345228e-09
8.197607472538948059e-03,-2.018515132817810809e-09
8.222726173698902130e-03,-1.998606613540232502e-09
8.247883990406990051e-03,-1.978397001778375852e-09
8.273079991340637207e-03,-1.958883943942169026e-09
8.298314176499843597e-03,-1.939227445291180629e-09
8.323586545884609222e-03,-1.920446468517411631e-09
8.348898030817508698e-03,-1.901728996500651192e-09
8.374247699975967407e-03,-1.882469735647873676e-09
8.399635553359985352e-03,-1.863150078662556552e-09
8.425062522292137146e-03,-1.844246533266868937e-09
8.450527675449848175e-03,-1.826662154869040933e-09
8.476031012833118439e-03,-1.809912886230335971e-09
8.501572534441947937e-03,-1.792908488340572148e-09
8.527153171598911285e-03,-1.774376645613529035e-09
8.552771992981433868e-03,-1.754848599766489770e-09
8.578428998589515686e-03,-1.737428867443213676e-09
8.604125119745731354e-03,-1.721026987588913926e-09
8.629859425127506256e-03,-1.705917740402185245e-09
8.655631914734840393e-03,-1.690091844253061026e-09
8.681443519890308380e-03,-1.673268412716311104e-09
8.707293309271335602e-03,-1.655356962615428529e-09
8.733181282877922058e-03,-1.638514990354167367e-09
8.759107440710067749e-03,-1.623002954254104679e-09
8.785072714090347290e-03,-1.608454591739416628e-09
8.811076171696186066e-03,-1.594197218679482830e-09
8.837117813527584076e-03,-1.578403852064980128e-09
8.863198570907115936e-03,-1.561719864540123126e-09
8.889317512512207031e-03,-1.546193617585345237e-09
8.915474638342857361e-03,-1.531121895936848887e-09
8.941669948399066925e-03,-1.517442838050442333e-09
8.967904374003410339e-03,-1.503459023943776174e-09
8.994176983833312988e-03,-1.489152356981549019e-09
9.020487777888774872e-03,-1.474979915982999046e-09
9.046837687492370605e-03,-1.460607190750806694e-09
9.073225781321525574e-03,-1.446233133250984793e-09
9.099652059376239777e-03,-1.431669449658556914e-09
9.126116521656513214e-03,-1.417062023278958804e-09
9.152620099484920502e-03,-1.403985816494923711e-09
9.179161861538887024e-03,-1.391983306398003606e-09
9.205741807818412781e-03,-1.379484526609076056e-09
9.232360869646072388e-03,-1.366472379693561834e-09
9.259018115699291229e-03,-1.352906009444154734e-09
9.285713545978069305e-03,-1.339542476941346649e-09
9.312448091804981232e-03,-1.326518228594864013e-09
9.339220821857452393e-03,-1.313930741986268913e-09
9.366031736135482788e-03,-1.301905028228134142e-09
9.392880834639072418e-03,-1.289749751443025616e-09
9.419769048690795898e-03,-1.278314343267084041e-09
9.446695446968078613e-03,-1.266198479399349708e-09
9.473660029470920563e-03,-1.254401693628892644e-09
9.500663727521896362e-03,-1.242560054848240725e-09
9.527705609798431396e-03,-1.230488821946096323e-09
9.554785676300525665e-03,-1.218683931547559496e-09
9.581903927028179169e-03,-1.207143940362698231e-09
9.609061293303966522e-03,-1.195254673014289892e-09
9.636256843805313110e-03,-1.184337850013150728e-09
9.663490578532218933e-03,-1.174526809144538220e-09
9.690763428807258606e-03,-1.164395135866413966e-09
9.718074463307857513e-03,-1.153770634587658606e-09
9.745423682034015656e-03,-1.142015149113717598e-09
9.772811084985733032e-03,-1.130427085271890064e-09
9.800237603485584259e-03,-1.119314974040719335e-09
9.827702306210994720e-03,-1.109761615936122325e-09
9.855205193161964417e-03,-1.100179058965977674e-09
9.882747195661067963e-03,-1.090431078765163875e-09
9.910327382385730743e-03,-1.079963451999788049e-09
9.937945753335952759e-03,-1.069473842818524645e-09
9.965603239834308624e-03,-1.059361043331819019e-09
9.993298910558223724e-03,-1.050090236986989112e-09
1.002103276550769806e-02,-1.040550756670199917e-09
1.004880480468273163e-02,-1.031016383379323997e-09
1.007661595940589905e-02,-1.021090767494570173e-09
1.010446529835462570e-02,-1.011779771076248835e-09
1.013235282152891159e-02,-1.002622429524535619e-09
1.016027946025133133e-02,-9.937870526499636981e-10
1.018824428319931030e-02,-9.853078353216915275e-10
1.021624729037284851e-02,-9.763797548245634061e-10
1.024428848177194595e-02,-9.669072209561591080e-10
1.027236878871917725e-02,-9.570130243830021755e-10
1.030048727989196777e-02,-9.480753959678622778e-10
1.032864395529031754e-02,-9.401415201892859841e-10
1.035683974623680115e-02,-9.323710692399345135e-10
1.038507372140884399e-02,-9.236543752066950219e-10
1.041334588080644608e-02,-9.155944336036725417e-10
1.044165715575218201e-02,-9.073347628785199959e-10
1.047000661492347717e-02,-8.987036670404791039e-10
1.049839425832033157e-02,-8.907979909267282892e-10
1.052682008594274521e-02,-8.829773578966637615e-10
1.055528502911329269e-02,-8.748542446035401099e-10
1.058378815650939941e-02,-8.664692852100586151e-10
1.061232946813106537e-02,-8.587588973263393655e-10
1.064090989530086517e-02,-8.515334548597763842e-10
1.066952850669622421e-02,-8.442915255812977193e-10
1.069818530231714249e-02,-8.360014902564216754e-10
1.072688028216362000e-02,-8.281992314174146941e-10
1.075561437755823135e-02,-8.209321555874282694e-10
1.078438665717840195e-02,-8.141501917080518069e-10
1.081319712102413177e-02,-8.069784285247294520e-10
1.084204670041799545e-02,-8.001618256869846846e-10
1.087093446403741837e-02,-7.934541357279556451e-10
1.089986041188240051e-02,-7.858461659182580661e-10
1.092882547527551651e-02,-7.785008193650355679e-10
1.095782872289419174e-02,-7.706950633235010173e-10
1.098687015473842621e-02,-7.638431553935731699e-10
1.101594977080821991e-02,-7.576103633333275411e-10
1.104506850242614746e-02,-7.514899813543252094e-10
1.107422541826963425e-02,-7.455718820104095812e-10
1.110342051833868027e-02,-7.388579192912914095e-10
1.113265473395586014e-02,-7.309542970901361514e-10
1.116192713379859924e-02,-7.236625743090030483e-10
1.119123771786689758e-02,-7.177681227155119359e-10
1.122058741748332977e-02,-7.119595468729755794e-10
1.124997530132532120e-02,-7.059595130698426146e-10
1.127940136939287186e-02,-7.001776936021997244e-10
1.130886562168598175e-02,-6.947737940521392375e-10
1.133836898952722549e-02,-6.887488912532546692e-10
1.136791054159402847e-02,-6.812550523704885563e-10
1.139749027788639069e-02,-6.741106006735719802e-10
1.142710912972688675e-02,-6.687146392181375631e-10
1.145676616579294205e-02,-6.635926252940294034e-10
1.148646138608455658e-02,-6.583187328601525223e-10
1.151619479060173035e-02,-6.524574214239464709e-10
1.154596731066703796e-02,-6.469628721639253399e-10
1.157577801495790482e-02,-6.410632580333697206e-10
1.160562690347433090e-02,-6.350002745847405095e-10
1.163551490753889084e-02,-6.289671006243224838e-10
1.166544109582901001e-02,-6.229072813113134544e-10
1.169540546834468842e-02,-6.184710521495162538e-10
1.172540895640850067e-02,-6.146068098900059340e-10
1.175545062869787216e-02,-6.097726767961830774e-10
1.178553048521280289e-02,-6.039809763436210233e-10
1.181564852595329285e-02,-5.980490547230488119e-10
1.184580568224191666e-02,-5.923800339147078375e-10
1.187600102275609970e-02,-5.870009478492477228e-10
1.190623454749584198e-02,-5.816154780013960135e-10
1.193650718778371811e-02,-5.768799327121598708e-10
1.196681801229715347e-02,-5.734245300814677648e-10
1.199716702103614807e-02,-5.691248583516994586e-10
1.202755421400070190e-02,-5.631706212483322815e-10
1.205798052251338959e-02,-5.575121475587252462e-10
1.208844501525163651e-02,-5.525477853041138587e-10
1.211894769221544266e-02,-5.482922449395744025e-10
1.214948948472738266e-02,-5.441727624067027591e-10
1.218006946146488190e-02,-5.396127988888110849e-10
1.221068762242794037e-02,-5.348527176707307262e-10
1.224134489893913269e-02,-5.304816586004790224e-10
1.227204035967588425e-02,-5.255279544869040365e-10
1.230277400463819504e-02,-5.205816333564428078e-10
1.233354583382606506e-02,-5.162521521384633161e-10
1.236435677856206894e-02,-5.121909563143844935e-10
1.239520590752363205e-02,-5.077036568934545357e-10
1.242609322071075439e-02,-5.037485428793786468e-10
1.245701964944601059e-02,-4.997054992017524455e-10
1.248798426240682602e-02,-4.953972232435432943e-10
1.251898705959320068e-02,-4.906536843485298505e-10
1.255002897232770920e-02,-4.864220692901710663e-10
1.258110906928777695e-02,-4.827904187543197168e-10
1.261222735047340393e-02,-4.792022889610336733e-10
1.264338381588459015e-02,-4.747326420861952556e-10
1.267457939684391022e-02,-4.706905420981399857e-10
1.270581316202878952e-02,-4.668925246420485564e-10
1.273708511143922806e-02,-4.628242789017633640e-10
1.276839617639780045e-02,-4.584136403806837734e-10
1.279974542558193207e-02,-4.542501930160369739e-10
1.283113285899162292e-02,-4.511877538249109421e-10
1.286255940794944763e-02,-4.480407989060353202e-10
1.289402414113283157e-02,-4.442404777371677937e-10
1.292552705854177475e-02,-4.397977815262521517e-10
1.295706816017627716e-02,-4.356107974334832988e-10
1.298864837735891342e-02,-4.320586111106194949e-10
1.302026677876710892e-02,-4.293372324326583112e-10
1.305192336440086365e-02,-4.266991759926952454e-10
1.308361906558275223e-02,-4.231917039021482196e-10
1.311535295099020004e-02,-4.189395497178338701e-10
1.314712502062320709e-02,-4.147309162760848267e-10
1.317893527448177338e-02,-4.106158746353116840e-10
1.321078464388847351e-02,-4.074184878355424644e-10
1.324267219752073288e-02,-4.049591217913928176e-10
1.327459793537855148e-02,-4.028939959432875639e-10
1.330656278878450394e-02,-3.996584174714712390e-10
1.333856582641601562e-02,-3.951636240451250615e-10
1.337060704827308655e-02,-3.914883694999815589e-10
1.340268738567829132e-02,-3.877802245977335360e-10
1.343480590730905533e-02,-3.849963403634859560e-10
1.346696261316537857e-02,-3.818267368949079810e-10
1.349915750324726105e-02,-3.793159120135669582e-10
1.353139150887727737e-02,-3.769490275473685870e-10
1.356366369873285294e-02,-3.738636067396328144e-10
1.359597407281398773e-02,-3.701972062231106975e-10
1.362832356244325638e-02,-3.665279191267245551e-10
1.366071123629808426e-02,-3.635460543716106940e-10
1.369313709437847137e-02,-3.605188370059408953e-10
1.372560206800699234e-02,-3.578113083602119104e-10
1.375810522586107254e-02,-3.552297900277778808e-10
1.379064656794071198e-02,-3.531888392860338399e-10
1.382322609424591064e-02,-3.502304279923151853e-10
1.385584473609924316e-02,-3.462048980829024458e-10
1.388850156217813492e-02,-3.432958917137796107e-10
1.392119657248258591e-02,-3.407354953743890746e-10
1.395393069833517075e-02,-3.385774993702739266e-10
1.398670300841331482e-02,-3.355699607077156088e-10
1.401951350271701813e-02,-3.330098974352324603e-10
1.405236311256885529e-02,-3.305737350522974793e-10
1.408525090664625168e-02,-3.277905447074402900e-10
1.411817688494920731e-02,-3.247795365979300186e-10
1.415114104747772217e-02,-3.219733646364630886e-10
1.418414432555437088e-02,-3.195979036973994880e-10
1.421718578785657883e-02,-3.170014806208598657e-10
1.425026543438434601e-02,-3.147766491906622832e-10
1.428338419646024704e-02,-3.124787095742931342e-10
1.431654114276170731e-02,-3.102372247987261744e-10
1.434973627328872681e-02,-3.073377108364638843e-10
1.438297051936388016e-02,-3.045631524756231556e-10
1.441624294966459274e-02,-3.017540661787165845e-10
1.444955356419086456e-02,-2.994858250282561585e-10
1.448290236294269562e-02,-2.974570589842073787e-10
1.451629027724266052e-02,-2.957925016033868815e-10
1.454971637576818466e-02,-2.937726728546863342e-10
1.458318065851926804e-02,-2.909578689092029435e-10
1.461668405681848526e-02,-2.876934801498975958e-10
1.465022563934326172e-02,-2.851089364597214626e-10
1.468380540609359741e-02,-2.836246237869488596e-10
1.471742335706949234e-02,-2.821200772995524630e-10
1.475108042359352112e-02,-2.800085163734422622e-10
1.478477567434310913e-02,-2.779333430069641508e-10
1.481850910931825638e-02,-2.753744454686568588e-10
1.485228165984153748e-02,-2.726556758148035442e-10
1.488609239459037781e-02,-2.701567580754016262e-10
1.491994131356477737e-02,-2.679982347153497813e-10
1.495382934808731079e-02,-2.662053910640338472e-10
1.498775556683540344e-02,-2.650899499911929524e-10
1.502171996980905533e-02,-2.630434203787501701e-10
1.505572255700826645e-02,-2.605548554690528817e-10
1.508976425975561142e-02,-2.579355617982059812e-10
1.512384414672851562e-02,-2.560268663742704121e-10
1.515796221792697906e-02,-2.543344423955318234e-10
1.519211940467357635e-02,-2.528925679978755170e-10
1.522631477564573288e-02,-2.508039331772238256e-10
1.526054833084344864e-02,-2.486900130271862963e-10
1.529482100158929825e-02,-2.464524417877811402e-10
1.532913185656070709e-02,-2.445185720567621956e-10
1.536348089575767517e-02,-2.427471557098215271e-10
1.539786811918020248e-02,-2.411414123937305476e-10
1.543229445815086365e-02,-2.390564690646357349e-10
1.546675898134708405e-02,-2.374601071331028379e-10
1.550126168876886368e-02,-2.359377138105855920e-10
1.553580351173877716e-02,-2.337776916494505031e-10
1.557038351893424988e-02,-2.317246672323136636e-10
1.560500171035528183e-02,-2.299331697264150876e-10
1.563965901732444763e-02,-2.282840999567881113e-10
1.567435450851917267e-02,-2.267428467206400455e-10
1.570908911526203156e-02,-2.254148395719468567e-10
1.574386097490787506e-02,-2.236391349885735735e-10
1.577867195010185242e-02,-2.218957240174290746e-10
1.581352204084396362e-02,-2.202410337437399335e-10
1.584840938448905945e-02,-2.181373831566801869e-10
1.588333584368228912e-02,-2.160420731200929367e-10
1.591829955577850342e-02,-2.142402366622775389e-10
1.595330238342285156e-02,-2.128752174535009090e-10
1.598834432661533356e-02,-2.122081815825183071e-10
1.602342352271080017e-02,-2.109258046001372122e-10
1.605854183435440063e-02,-2.089976941510585107e-10
1.609369926154613495e-02,-2.069995563847015774e-10
1.612889394164085388e-02,-2.050152825283646507e-10
1.616412773728370667e-02,-2.033937324119605705e-10
1.619940064847469330e-02,-2.019840406042305858e-10
1.623471081256866455e-02,-2.010238919769591348e-10
1.627006009221076965e-02,-2.001939031215371756e-10
1.630544848740100861e-02,-1.986112663221462071e-10
1.634087413549423218e-02,-1.965142493176585958e-10
1.637633889913558960e-02,-1.945452687834858807e-10
1.641184277832508087e-02,-1.932620591338363170e-10
1.644738391041755676e-02,-1.922432074641378108e-10
1.648296415805816650e-02,-1.907595886807555985e-10
1.651858352124691010e-02,-1.895869849999343160e-10
1.655424013733863831e-02,-1.879478378485899270e-10
1.658993586897850037e-02,-1.864962073661047270e-10
1.662566885352134705e-02,-1.851941933139755747e-10
1.666144095361232758e-02,-1.840963492760749887e-10
1.669725216925144196e-02,-1.830363360877385048e-10
1.673310063779354095e-02,-1.817098693734919834e-10
1.676898822188377380e-02,-1.799767557209008828e-10
1.680491492152214050e-02,-1.784247194436261452e-10
1.684087887406349182e-02,-1.770386892641084842e-10
1.687688194215297699e-02,-1.757400613922044386e-10
1.691292412579059601e-02,-1.748505645826625710e-10
1.694900356233119965e-02,-1.738633959025293052e-10
1.698512211441993713e-02,-1.723585163482255211e-10
1.702127978205680847e-02,-1.708238273057105516e-10
1.705747470259666443e-02,-1.692903872640982854e-10
1.709370873868465424e-02,-1.683891359682831990e-10
1.712998189032077789e-02,-1.672462446311584472e-10
1.716629229485988617e-02,-1.663499754611663661e-10
1.720264181494712830e-02,-1.651730141549734299e-10
1.723903045058250427e-02,-1.639099689310086205e-10
1.727545633912086487e-02,-1.623318840460186152e-10
1.731192134320735931e-02,-1.610459821055343355e-10
1.734842360019683838e-02,-1.601201254919359940e-10
1.738496497273445129e-02,-1.593006004885211269e-10
1.742154546082019806e-02,-1.580614250595857584e-10
1.745816320180892944e-02,-1.567969643012645520e-10
1.749482005834579468e-02,-1.557002304863885911e-10
1.753151603043079376e-02,-1.545152339410549303e-10
1.756824925541877747e-02,-1.537706351140144534e-10
1.760502159595489502e-02,-1.523943748971134937e-10
1.764183305203914642e-02,-1.511438751933269486e-10
1.767868176102638245e-02,-1.501238716672403939e-10
1.771556958556175232e-02,-1.495425450137588541e-10
1.775249652564525604e-02,-1.482155370657878279e-10
1.778946071863174438e-02,-1.467658772291713376e-10
1.782646402716636658e-02,-1.458175663548999523e-10
1.786350645124912262e-02,-1.452608311414138598e-10
1.790058612823486328e-02,-1.444290936847281159e-10
1.793770492076873779e-02,-1.431547935748511691e-10
1.797486282885074615e-02,-1.417325146135794967e-10
1.801205798983573914e-02,-1.407447491885704949e-10
1.804929226636886597e-02,-1.399755172881711474e-10
1.808656379580497742e-02,-1.388225923104613457e-10
1.812387444078922272e-02,-1.382166325836209353e-10
1.816122420132160187e-02,-1.378877012570001170e-10
1.819861121475696564e-02,-1.363650581343023305e-10
1.823603734374046326e-02,-1.347502665005606559e-10
1.827350258827209473e-02,-1.338121558003280143e-10
1.831100508570671082e-02,-1.334906352123965689e-10
1.834854669868946075e-02,-1.329078513911952086e-10
1.838612742722034454e-02,-1.317585207605276310e-10
1.842374540865421295e-02,-1.306208752271942330e-10
1.846140250563621521e-02,-1.298324225906810625e-10
1.849909871816635132e-02,-1.289632567402776431e-10
1.853683218359947205e-02,-1.278540467941624570e-10
1.857460476458072662e-02,-1.268843641266670375e-10
1.861241646111011505e-02,-1.263661675299232456e-10
1.865026541054248810e-02,-1.255870962779681577e-10
1.868815347552299500e-02,-1.246048264569310504e-10
1.872608065605163574e-02,-1.237833446854352815e-10
1.876404508948326111e-02,-1.229845114636418657e-10
1.880204863846302032e-02,-1.220070156016106466e-10
1.884009130299091339e-02,-1.208463884516675080e-10
1.887817122042179108e-02,-1.199639970694832414e-10
1.891629025340080261e-02,-1.194508519875014940e-10
1.895444653928279877e-02,-1.189970899595493847e-10
1.899264194071292877e-02,-1.180144731938170821e-10
1.903087645769119263e-02,-1.172228702994715377e-10
1.906914822757244110e-02,-1.165480351117409441e-10
1.910745911300182343e-02,-1.157228410320065848e-10
1.914580911397933960e-02,-1.142667210851655568e-10
1.918419636785984039e-02,-1.132976212847580655e-10
1.922262273728847504e-02,-1.130111143554657360e-10
1.926108822226524353e-02,-1.130945476157663165e-10
1.929959096014499664e-02,-1.124202606006541316e-10
1.933813281357288361e-02,-1.114788747424988458e-10
1.937671378254890442e-02,-1.101764166011598434e-10
1.941533200442790985e-02,-1.090378204393616102e-10
1.945398934185504913e-02,-1.085023321190092815e-10
1.949268579483032227e-02,-1.080044387258283223e-10
1.953141950070858002e-02,-1.076295441659880225e-10
1.957019232213497162e-02,-1.069260652242220999e-10
1.960900425910949707e-02,-1.062130522422322088e-10
1.964785344898700714e-02,-1.053414994123258452e-10
1.968674175441265106e-02,-1.043524711086263324e-10
1.972566731274127960e-02,-1.035403290883252225e-10
1.976463198661804199e-02,-1.031752600022528554e-10
1.980363577604293823e-02,-1.029546725650476446e-10
1.984267681837081909e-02,-1.019393736090279390e-10
1.988175697624683380e-02,-1.012130795841059694e-10
1.992087624967098236e-02,-1.003701566304471271e-10
1.996003277599811554e-02,-1.000447086285660703e-10
1.999922841787338257e-02,-9.921013316427362838e-11
2.003846317529678345e-02,-9.834583147849684792e-11
2.007773518562316895e-02,-9.756352670198253918e-11
2.011704631149768829e-02,-9.718301163808007459e-11
2.015639655292034149e-02,-9.661607625055523840e-11
2.019578404724597931e-02,-9.640774289998432778e-11
2.023521065711975098e-02,-9.578508819441111655e-11
2.027467638254165649e-02,-9.491886443502295378e-11
2.031417936086654663e-02,-9.390739574843820492e-11
2.035372145473957062e-02,-9.306988513202441027e-11
2.039330266416072845e-02,-9.290169328268760296e-11
2.043292112648487091e-02,-9.265520989343301039e-11
2.047257870435714722e-02,-9.207873352679030177e-11
2.051227539777755737e-02,-9.108140630598171583e-11
2.055200934410095215e-02,-9.041246917806944339e-11
2.059178240597248077e-02,-8.977413257227340182e-11
2.063159272074699402e-02,-8.932059258892621756e-11
2.067144215106964111e-02,-8.900433168257393390e-11
2.071133069694042206e-02,-8.835586429167818778e-11
2.075125649571418762e-02,-8.770564829951865704e-11
2.079122141003608704e-02,-8.705951931586852766e-11
2.083122543990612030e-02,-8.652137339915100256e-11
2.087126672267913818e-02,-8.607781154523763689e-11
2.091134712100028992e-02,-8.558696112936914346e-11
2.095146663486957550e-02,-8.480563473689528564e-11
2.099162340164184570e-02,-8.446921634375215149e-11
2.103181928396224976e-02,-8.405885709716898191e-11
2.107205428183078766e-02,-8.351708213893971333e-11
2.111232653260231018e-02,-8.256453853938694465e-11
2.115263789892196655e-02,-8.210689073084864731e-11
2.119298838078975677e-02,-8.178341337483630014e-11
2.123337611556053162e-02,-8.123465788933970089e-11
2.127380296587944031e-02,-8.084068137126365627e-11
2.131426893174648285e-02,-8.044702404230719139e-11
2.135477215051651001e-02,-7.988654182611298893e-11
2.139531448483467102e-02,-7.928897816089630624e-11
2.143589407205581665e-02,-7.859524142617146936e-11
2.147651277482509613e-02,-7.807285373750971758e-11
2.151717059314250946e-02,-7.756993658514232948e-11
2.155786566436290741e-02,-7.755723147040427534e-11
2.159859985113143921e-02,-7.708907123760155855e-11
2.163937315344810486e-02,-7.652373873456852493e-11
2.168018370866775513e-02,-7.584897987467087432e-11
2.172103337943553925e-02,-7.505686350217644076e-11
2.176192216575145721e-02,-7.438417937155605841e-11
2.180284820497035980e-02,-7.430661641549818341e-11
2.184381335973739624e-02,-7.414050623433254827e-11
2.188481763005256653e-02,-7.398392315449697776e-11
2.192585915327072144e-02,-7.338030183490218405e-11
2.196693979203701019e-02,-7.258052492353783691e-11
2.200805954635143280e-02,-7.175048055696464644e-11
2.204921655356884003e-02,-7.152170522495282512e-11
2.209041267633438110e-02,-7.124674461511659729e-11
2.213164791464805603e-02,-7.096560838970589202e-11
2.217292040586471558e-02,-7.070517782370444593e-11
2.221423201262950897e-02,-7.032945059659567733e-11
2.225558273494243622e-02,-6.954718051455088812e-11
2.229697071015834808e-02,-6.885050862770469848e-11
2.233839780092239380e-02,-6.826088305711408566e-11
2.237986214458942413e-02,-6.805968982837029557e-11
2.242136560380458832e-02,-6.807207575398876997e-11
2.246290817856788635e-02,-6.780755817947792252e-11
2.250448800623416901e-02,-6.715938222212614050e-11
2.254610694944858551e-02,-6.658398138403853750e-11
2.258776500821113586e-02,-6.605908875467747521e-11
2.262946031987667084e-02,-6.562224375006309174e-11
2.267119474709033966e-02,-6.550585074371895189e-11
2.271296828985214233e-02,-6.514264128121283193e-11
2.275477908551692963e-02,-6.467468227633332845e-11
2.279662899672985077e-02,-6.450751044440039550e-11
2.283851802349090576e-02,-6.393161694484561508e-11
2.288044430315494537e-02,-6.332841889777895972e-11
2.292240969836711884e-02,-6.263844304355004056e-11
2.296441420912742615e-02,-6.270799851604280661e-11
2.300645597279071808e-02,-6.254233242408702154e-11
2.304853685200214386e-02,-6.217790171625381390e-11
2.309065684676170349e-02,-6.160888466055780555e-11
2.313281409442424774e-02,-6.119420942196640567e-11
2.317501045763492584e-02,-6.065412061495578655e-11
2.321724593639373779e-02,-6.060310586697426061e-11
2.325951866805553436e-02,-6.028818416714543105e-11
2.330183051526546478e-02,-5.956226484249427244e-11
2.334417961537837982e-02,-5.928427887491594106e-11
2.338656783103942871e-02,-5.905161082342402779e-11
2.342899516224861145e-02,-5.881568843069118202e-11
2.347145974636077881e-02,-5.850133572016247285e-11
2.351396344602108002e-02,-5.792948412630671839e-11
2.355650626122951508e-02,-5.771283104194502300e-11
2.359908632934093475e-02,-5.705968336711109146e-11
2.364170551300048828e-02,-5.690054677431888308e-11
2.368436381220817566e-02,-5.658421647902756035e-11
2.372705936431884766e-02,-5.677653486246825310e-11
2.376979403197765350e-02,-5.599787647470044760e-11
2.381256781518459320e-02,-5.538106778724127821e-11
2.385537885129451752e-02,-5.533652702727209771e-11
2.389822900295257568e-02,-5.510496572935785764e-11
2.394111827015876770e-02,-5.466788827179769328e-11
2.398404479026794434e-02,-5.445170703222146358e-11
2.402701042592525482e-02,-5.407937292423170561e-11
2.407001517713069916e-02,-5.381125406378473031e-11
2.411305718123912811e-02,-5.340202932635484956e-11
2.415613830089569092e-02,-5.305693384638487942e-11
2.419925667345523834e-02,-5.269300273891275310e-11
2.424241416156291962e-02,-5.243486200789959639e-11
2.428561076521873474e-02,-5.198709865372741490e-11
2.432884462177753448e-02,-5.173480047138134807e-11
2.437211759388446808e-02,-5.182758389121744358e-11
2.441542968153953552e-02,-5.168774783181895316e-11
2.445877902209758759e-02,-5.095003585697810422e-11
2.450216747820377350e-02,-5.040540901335432977e-11
2.454559504985809326e-02,-5.004452408030601873e-11
2.458905987441539764e-02,-4.986567755937976187e-11
2.463256381452083588e-02,-5.006431380571996215e-11
2.467610687017440796e-02,-4.978861073423601624e-11
2.471968717873096466e-02,-4.956741961326116552e-11
2.476330660283565521e-02,-4.872310194192763788e-11
2.480696514248847961e-02,-4.808541412271161164e-11
2.485066093504428864e-02,-4.835698508287578079e-11
2.489439584314823151e-02,-4.828280830704301252e-11
2.493816986680030823e-02,-4.794335761726387091e-11
2.498198114335536957e-02,-4.741299713950652972e-11
2.502583153545856476e-02,-4.731458974616131741e-11
2.506972104310989380e-02,-4.721839585997145150e-11
2.511364780366420746e-02,-4.664835531742461683e-11
2.515761367976665497e-02,-4.612016324401224665e-11
2.520161680877208710e-02,-4.599787217784978566e-11
2.524565905332565308e-02,-4.618860155458648364e-11
2.528974041342735291e-02,-4.603468301001001350e-11
2.533385902643203735e-02,-4.542040354937881830e-11
2.537801675498485565e-02,-4.519776913847195488e-11
2.542221359908580780e-02,-4.480588816635489025e-11
2.546644769608974457e-02,-4.461384733867035379e-11
2.551072090864181519e-02,-4.443460877023852618e-11
2.555503323674201965e-02,-4.397595829153111424e-11
2.559938281774520874e-02,-4.389998087273028204e-11
2.564377151429653168e-02,-4.384376195432082568e-11
2.568819932639598846e-02,-4.350261123553522680e-11
2.573266439139842987e-02,-4.315626328521560140e-11
2.577716857194900513e-02,-4.261312830378116701e-11
2.582171186804771423e-02,-4.224789615370205809e-11
2.586629241704940796e-02,-4.266781372663785987e-11
2.591091208159923553e-02,-4.264448516533292377e-11
2.595557086169719696e-02,-4.205252118749669421e-11
2.600026689469814301e-02,-4.156217384143623406e-11
2.604500204324722290e-02,-4.123248270593293796e-11
2.608977630734443665e-02,-4.106464474018522992e-11
2.613458782434463501e-02,-4.096048153434672656e-11
2.617943845689296722e-02,-4.075909748602057903e-11
2.622432634234428406e-02,-4.068069492380033125e-11
2.626925334334373474e-02,-4.052487859174114249e-11
2.631421945989131927e-02,-3.993142622116252483e-11
2.635922282934188843e-02,-3.958842281770458271e-11
2.640426531434059143e-02,-3.946127452580938666e-11
2.644934691488742828e-02,-3.944429505242652567e-11
2.649446576833724976e-02,-3.913964291557547881e-11
2.653962373733520508e-02,-3.910460150136074731e-11
2.658482082188129425e-02,-3.907280055059914048e-11
2.663005515933036804e-02,-3.835876061231147105e-11
2.667532861232757568e-02,-3.789171754142728332e-11
2.672064118087291718e-02,-3.800943587650706945e-11
2.676599100232124329e-02,-3.802144710185473286e-11
2.681137993931770325e-02,-3.788465721688005772e-11
2.685680799186229706e-02,-3.735838721707906984e-11
2.690227329730987549e-02,-3.704184181607672599e-11
2.694777771830558777e-02,-3.706574630557568639e-11
2.699332125484943390e-02,-3.695626443755983814e-11
2.703890204429626465e-02,-3.665978978717454595e-11
2.708452194929122925e-02,-3.623208677527856025e-11
2.713018096983432770e-02,-3.609408605331765330e-11
2.717587724328041077e-02,-3.599834666467849331e-11
2.722161263227462769e-02,-3.596969944119621232e-11
2.726738713681697845e-02,-3.552514879490153987e-11
2.731319889426231384e-02,-3.521274244411287668e-11
2.735904976725578308e-02,-3.525438968532412787e-11
2.740493789315223694e-02,-3.520119612465677505e-11
2.745086513459682465e-02,-3.490775724035444227e-11
2.749683149158954620e-02,-3.457547442797803683e-11
2.754283510148525238e-02,-3.441206694598797355e-11
2.758887782692909241e-02,-3.429743988814237809e-11
2.763495966792106628e-02,-3.394686268198832124e-11
2.768107876181602478e-02,-3.376820004175051793e-11
2.772723697125911713e-02,-3.385250413323603880e-11
2.777343429625034332e-02,-3.343818277823373819e-11
2.781966887414455414e-02,-3.332504758257748279e-11
2.786594256758689880e-02,-3.295291123306398617e-11
2.791225537657737732e-02,-3.293759015532415901e-11
2.795860543847084045e-02,-3.308440327254302815e-11
2.800499461591243744e-02,-3.280233029645529541e-11
2.805142290890216827e-02,-3.236008683238367212e-11
2.809788845479488373e-02,-3.207093618451395400e-11
2.814439311623573303e-02,-3.168167811429256631e-11
2.819093689322471619e-02,-3.193207850915591450e-11
2.823751792311668396e-02,-3.182459157313743958e-11
2.828413806855678558e-02,-3.161183120825583615e-11
2.833079732954502106e-02,-3.119321467792701696e-11
2.837749384343624115e-02,-3.099299983322367780e-11
2.842422947287559509e-02,-3.112424554196913107e-11
2.847100235521793365e-02,-3.086435967913914169e-11
2.851781435310840607e-02,-3.047656571553147842e-11
2.856466546654701233e-02,-3.031356068938784176e-11
2.861155383288860321e-02,-3.041143031845550126e-11
2.865848131477832794e-02,-3.053347852333132550e-11
2.870544791221618652e-02,-3.011604160496617055e-11
2.875245176255702972e-02,-2.956294931077962929e-11
2.879949472844600677e-02,-2.955333894272271777e-11
2.884657680988311768e-02,-2.962130193906453712e-11
2.889369614422321320e-02,-2.959484046716198691e-11
2.894085459411144257e-02,-2.922994832288416944e-11
2.898805215954780579e-02,-2.888074154827613427e-11
2.903528697788715363e-02,-2.876816146413219144e-11
2.908256091177463531e-02,-2.898694999309281428e-11
2.912987396121025085e-02,-2.861210574023331787e-11
2.917722426354885101e-02,-2.845192831335552341e-11
2.922461368143558502e-02,-2.843667835927821130e-11
2.927204221487045288e-02,-2.804366634745480980e-11
2.931950800120830536e-02,-2.782492118658108637e-11
2.936701290309429169e-02,-2.784420263801656859e-11
2.941455692052841187e-02,-2.782062774597804378e-11
2.946213819086551666e-02,-2.764989973091935838e-11
2.950975857675075531e-02,-2.736359056010329027e-11
2.955741621553897858e-02,-2.715872492176085728e-11
2.960511296987533569e-02,-2.691967829204777729e-11
2.965284883975982666e-02,-2.697442443022612935e-11
2.970062196254730225e-02,-2.668359630475514166e-11
2.974843420088291168e-02,-2.658830100532583174e-11
2.979628555476665497e-02,-2.665029655291029087e-11
2.984417416155338287e-02,-2.655717659671985587e-11
2.989210188388824463e-02,-2.630125804647942545e-11
2.994006872177124023e-02,-2.594039913428325406e-11
2.998807281255722046e-02,-2.582850947008275000e-11
3.003611601889133453e-02,-2.575292409878748856e-11
3.008419834077358246e-02,-2.585556768686103624e-11
3.013231791555881500e-02,-2.570096219178807928e-11
3.018047660589218140e-02,-2.539022984915373371e-11
3.022867441177368164e-02,-2.512268865162425868e-11
3.027690947055816650e-02,-2.500718555842329494e-11
3.032518364489078522e-02,-2.509585594889784943e-11
3.037349693477153778e-02,-2.482283475990776367e-11
3.042184747755527496e-02,-2.481633822049023053e-11
3.047023713588714600e-02,-2.473571347749725646e-11
3.051866590976715088e-02,-2.446412863954527950e-11
3.056713193655014038e-02,-2.412691921249709992e-11
3.061563707888126373e-02,-2.407638324819494358e-11
3.066418133676052094e-02,-2.416794368798047543e-11
3.071276284754276276e-02,-2.402102475262957171e-11
3.076138347387313843e-02,-2.391479375640770400e-11
3.081004135310649872e-02,-2.351215402929263121e-11
3.085873834788799286e-02,-2.344208854809792797e-11
3.090747445821762085e-02,-2.345890148802709518e-11
3.095624782145023346e-02,-2.343667968029983228e-11
3.100506030023097992e-02,-2.322517178576788410e-11
3.105391189455986023e-02,-2.298061914374205372e-11
3.110280074179172516e-02,-2.280750935335085217e-11
3.115172870457172394e-02,-2.274690158454717448e-11
3.120069578289985657e-02,-2.271622820404495258e-11
3.124970011413097382e-02,-2.278116757736814435e-11
3.129874169826507568e-02,-2.262368938021896980e-11
3.134782239794731140e-02,-2.222292835862837990e-11
3.139694407582283020e-02,-2.194881776329538070e-11
3.144610300660133362e-02,-2.214141543721570571e-11
3.149529919028282166e-02,-2.219863876051775264e-11
3.154453635215759277e-02,-2.202309515308975563e-11
3.159381076693534851e-02,-2.172858767912622113e-11
3.164312243461608887e-02,-2.156599031299943903e-11
3.169247508049011230e-02,-2.144532988690439623e-11
3.174186497926712036e-02,-2.122709646945608597e-11
3.179129213094711304e-02,-2.130377298181773682e-11
3.184076026082038879e-02,-2.142389911308217876e-11
3.189026564359664917e-02,-2.140376764714346791e-11
3.193980827927589417e-02,-2.086702338699453207e-11
3.198939189314842224e-02,-2.043277179397673393e-11
3.203901275992393494e-02,-2.069336195453796989e-11
3.208867087960243225e-02,-2.076793945149368881e-11
3.213836997747421265e-02,-2.079370009511194439e-11
3.218810632824897766e-02,-2.037870913684791674e-11
3.223787993192672729e-02,-2.031983609152021586e-11
3.228769451379776001e-02,-2.011126334910962044e-11
3.233754634857177734e-02,-1.988290261600855757e-11
3.238743543624877930e-02,-2.014416584927847254e-11
3.243736550211906433e-02,-2.007463292819089418e-11
3.248733282089233398e-02,-1.960293039005023275e-11
3.253733739256858826e-02,-1.959915216231955526e-11
3.258737921714782715e-02,-1.981923306026978082e-11
3.263746201992034912e-02,-1.963012218053616920e-11
3.268758207559585571e-02,-1.943509936319642861e-11
3.273773938417434692e-02,-1.912802555237291813e-11
3.278793767094612122e-02,-1.917073097490451516e-11
3.283817321062088013e-02,-1.890756995415188157e-11
3.288844600319862366e-02,-1.894431833626697426e-11
3.293875977396965027e-02,-1.901538822235426807e-11
3.298911079764366150e-02,-1.926958245745957754e-11
3.303949907422065735e-02,-1.876823522983794845e-11
3.308992832899093628e-02,-1.820654391138099015e-11
3.314039483666419983e-02,-1.823984019377888899e-11
3.319089859724044800e-02,-1.839915372836564700e-11
3.324144333600997925e-02,-1.846106947867021120e-11
3.329202532768249512e-02,-1.834764631891694364e-11
3.334264457225799561e-02,-1.820019135401196309e-11
3.339330479502677917e-02,-1.802113493154511303e-11
3.344400227069854736e-02,-1.787816422682553252e-11
3.349473699927330017e-02,-1.771538471473377285e-11
3.354551270604133606e-02,-1.777598901409049859e-11
3.359632566571235657e-02,-1.761347664941403934e-11
3.364717587828636169e-02,-1.764072221632773108e-11
3.369806706905364990e-02,-1.756654370577148683e-11
3.374899551272392273e-02,-1.772823207679685709e-11
3.379996120929718018e-02,-1.704050095474585191e-11
3.385096788406372070e-02,-1.678534741755832727e-11
3.390201181173324585e-02,-1.728480726603809359e-11
3.395309299230575562e-02,-1.735847923733935261e-11
3.400421515107154846e-02,-1.705531896267764580e-11
3.405537456274032593e-02,-1.662309526140326454e-11
3.410657122731208801e-02,-1.674155779285424472e-11
3.415780887007713318e-02,-1.695391396716594556e-11
3.420908376574516296e-02,-1.671476498876778294e-11
3.426039591431617737e-02,-1.644806513212415666e-11
3.431174904108047485e-02,-1.623433679154295817e-11
3.436313942074775696e-02,-1.651140682512597380e-11
3.441456705331802368e-02,-1.655871273431586133e-11
3.446603566408157349e-02,-1.606992316993682834e-11
3.451754152774810791e-02,-1.604708727009906966e-11
3.456908464431762695e-02,-1.613640644715363948e-11
3.462066873908042908e-02,-1.598364843258259782e-11
3.467229008674621582e-02,-1.571968250013711099e-11
3.472394868731498718e-02,-1.599902849092060819e-11
3.477564826607704163e-02,-1.575813438070561290e-11
3.482738509774208069e-02,-1.559318819899235820e-11
3.487915918231010437e-02,-1.535680263509142662e-11
3.493097424507141113e-02,-1.548185191158069074e-11
3.498282656073570251e-02,-1.573614849537108284e-11
3.503471612930297852e-02,-1.539572982989234617e-11
3.508664295077323914e-02,-1.494347007247043280e-11
3.513861075043678284e-02,-1.512646605195122618e-11
3.519061580300331116e-02,-1.518233802566548718e-11
3.524265810847282410e-02,-1.509544399203033294e-11
3.529474139213562012e-02,-1.493652597439609764e-11
3.534686192870140076e-02,-1.474206867690952549e-11
3.539901971817016602e-02,-1.493245457839798007e-11
3.545121848583221436e-02,-1.460144852249989356e-11
3.550345450639724731e-02,-1.447985654989825122e-11
3.555572777986526489e-02,-1.453736089840340640e-11
3.560804203152656555e-02,-1.467190084702973962e-11
3.566039353609085083e-02,-1.457241445568246974e-11
3.571278229355812073e-02,-1.413087008517166510e-11
3.576521202921867371e-02,-1.413818628143159728e-11
3.581767901778221130e-02,-1.414227762674968858e-11
3.587018325924873352e-02,-1.424851035769503227e-11
3.592272847890853882e-02,-1.409351715192519450e-11
3.597531095147132874e-02,-1.382846961939243613e-11
3.602793067693710327e-02,-1.389553923314412742e-11
3.608059138059616089e-02,-1.416598782721933958e-11
3.613328933715820312e-02,-1.389584974864632727e-11
3.618602454662322998e-02,-1.360478570078260674e-11
3.623880073428153992e-02,-1.348136012546685691e-11
3.629161417484283447e-02,-1.358673503565333007e-11
3.634446486830711365e-02,-1.349555710239425110e-11
3.639735653996467590e-02,-1.356466154678326319e-11
3.645028546452522278e-02,-1.335565338878019759e-11
3.650325164198875427e-02,-1.334996869994942159e-11
3.655625879764556885e-02,-1.337577791582500453e-11
3.660930320620536804e-02,-1.313434430660898045e-11
3.666238486766815186e-02,-1.296698078773195206e-11
3.671550750732421875e-02,-1.289562727435633605e-11
3.676866739988327026e-02,-1.312111010121075338e-11
3.682186454534530640e-02,-1.307680179418735378e-11
3.687510266900062561e-02,-1.288653298653352763e-11
3.692837804555892944e-02,-1.281745889980534514e-11
3.698169067502021790e-02,-1.244851097204069390e-11
3.703504428267478943e-02,-1.262798719758873034e-11
3.708843514323234558e-02,-1.279463427567018030e-11
3.714186325669288635e-02,-1.278743083643618661e-11
3.719533234834671021e-02,-1.242856598887565056e-11
3.724883869290351868e-02,-1.204189005454825434e-11
3.730238229036331177e-02,-1.213019094892242578e-11
3.735596686601638794e-02,-1.241549744956937928e-11
3.740958869457244873e-02,-1.253363385300687582e-11
3.746324777603149414e-02,-1.238811830894803734e-11
3.751694783568382263e-02,-1.194050587571826583e-11
3.757068514823913574e-02,-1.182831090018598985e-11
3.762445971369743347e-02,-1.193893161416381687e-11
3.767827525734901428e-02,-1.209500034848876027e-11
3.773212805390357971e-02,-1.179016606567273584e-11
3.778601810336112976e-02,-1.172987141445647197e-11
3.783994540572166443e-02,-1.179664872730246117e-11
3.789391368627548218e-02,-1.167156822579062947e-11
3.794791921973228455e-02,-1.166719325318421596e-11
3.800196200609207153e-02,-1.164774873774199193e-11
3.805604577064514160e-02,-1.154790325863519485e-11
3.811016678810119629e-02,-1.139628669211134593e-11
3.816432505846023560e-02,-1.136871326246069458e-11
3.821852430701255798e-02,-1.130222131162650356e-11
3.827276080846786499e-02,-1.131498714168621689e-11
3.832703456282615662e-02,-1.127642423881525247e-11
3.838134929537773132e-02,-1.117393330640759075e-11
3.843570128083229065e-02,-1.116070603990326759e-11
3.849009051918983459e-02,-1.103019845599684245e-11
3.854452073574066162e-02,-1.089306596313566189e-11
3.859898820519447327e-02,-1.111186403307540260e-11
3.865349292755126953e-02,-1.118954841977659598e-11
3.870803862810134888e-02,-1.069136012360472066e-11
3.876262158155441284e-02,-1.072897673481953973e-11
3.881724178791046143e-02,-1.086230497909790316e-11
3.887190297245979309e-02,-1.070945502418263473e-11
3.892660140991210938e-02,-1.057535396059572363e-11
3.898133710026741028e-02,-1.053780413623472967e-11
3.903611376881599426e-02,-1.083121439759970883e-11
3.909092769026756287e-02,-1.056925554021592717e-11
3.914577886462211609e-02,-1.040244973493642533e-11
3.920067101716995239e-02,-1.036425632816584397e-11
3.925560042262077332e-02,-1.034026250040787076e-11
3.931056708097457886e-02,-1.011362087827150091e-11
3.936557471752166748e-02,-1.031823671643339324e-11
3.942061960697174072e-02,-1.038949135057087858e-11
3.947570174932479858e-02,-1.028208074238534664e-11
3.953082486987113953e-02,-1.007012875864354839e-11
3.958598524332046509e-02,-9.943742877716044148e-12
3.964118286967277527e-02,-9.968130487703064091e-12
3.969642147421836853e-02,-1.010260104739035825e-11
3.975169733166694641e-02,-9.753098502429669026e-12
3.980701044201850891e-02,-9.769677254689579371e-12
3.986236453056335449e-02,-9.857874933016930186e-12
3.991775587201118469e-02,-9.981527757108032972e-12
3.997318446636199951e-02,-9.815866869322675825e-12
4.002865403890609741e-02,-9.712617862756012244e-12
4.008416086435317993e-02,-9.589285962507965166e-12
4.013970494270324707e-02,-9.380732302055605487e-12
4.019528999924659729e-02,-9.606966264175120784e-12
4.025091230869293213e-02,-9.400495139255671262e-12
4.030657187104225159e-02,-9.520607392732305385e-12
4.036227241158485413e-02,-9.563823691327577592e-12
4.041801020503044128e-02,-9.544484994017388146e-12
4.047378525137901306e-02,-9.341466836176870459e-12
4.052960127592086792e-02,-9.024181575612022499e-12
4.058545455336570740e-02,-9.123004435229731257e-12
4.064134508371353149e-02,-9.210885526522716304e-12
4.069727286696434021e-02,-9.497996139584685693e-12
4.075324162840843201e-02,-9.066650208389148702e-12
4.080924764275550842e-02,-8.862226924533089800e-12
4.086529091000556946e-02,-8.975766310759247801e-12
4.092137515544891357e-02,-9.128925046453240100e-12
4.097749665379524231e-02,-8.979330300140642152e-12
4.103365540504455566e-02,-8.777258433956269812e-12
4.108985513448715210e-02,-8.830233419465649547e-12
4.114609211683273315e-02,-9.041685802846366471e-12
4.120236635208129883e-02,-8.662098816003549473e-12
4.125868156552314758e-02,-8.577132060150205461e-12
4.131503403186798096e-02,-8.900302370107304739e-12
4.137142375111579895e-02,-8.747100266326413021e-12
4.142785444855690002e-02,-8.654200620017427070e-12
4.148432239890098572e-02,-8.437171100661444711e-12
4.154082760214805603e-02,-8.604963963598777354e-12
4.159737378358840942e-02,-8.511706964253740182e-12
4.165395721793174744e-02,-8.473251614238286322e-12
4.171057790517807007e-02,-8.553409716616222624e-12
4.176723957061767578e-02,-8.326792380608516453e-12
4.182393848896026611e-02,-8.189393607693773447e-12
4.188067466020584106e-02,-8.374121708565329669e-12
4.193745180964469910e-02,-8.234376722149328032e-12
4.199426621198654175e-02,-8.195845044300931193e-12
4.205111786723136902e-02,-8.193208264617446446e-12
4.210801050066947937e-02,-8.210153043530787897e-12
4.216494038701057434e-02,-8.145524185709795972e-12
4.222190752625465393e-02,-8.197878140214776010e-12
4.227891564369201660e-02,-7.940214458157512922e-12
4.233596101403236389e-02,-7.843331019385946234e-12
4.239304363727569580e-02,-7.929257944683243409e-12
4.245016723871231079e-02,-8.084432429056320757e-12
4.250732809305191040e-02,-7.976227317518791438e-12
4.256452620029449463e-02,-7.789944037051022008e-12
4.262176528573036194e-02,-7.630947956860367754e-12
4.267904162406921387e-02,-7.786208310045505954e-12
4.273635521531105042e-02,-7.888054792681842287e-12
4.279370978474617004e-02,-7.629862019964406272e-12
4.285110160708427429e-02,-7.628309442453407030e-12
4.290853068232536316e-02,-7.534185081370381454e-12
4.296600073575973511e-02,-7.795613113370514213e-12
4.302350804209709167e-02,-7.615479427625082565e-12
4.308105260133743286e-02,-7.565618270755081198e-12
4.313863813877105713e-02,-7.402515232735051853e-12
4.319626092910766602e-02,-7.343542440807482308e-12
4.325392097234725952e-02,-7.327622883468443149e-12
4.331162199378013611e-02,-7.479932472020944800e-12
4.336936026811599731e-02,-7.649828687172899322e-12
4.342713579535484314e-02,-7.230307498551358236e-12
4.348495230078697205e-02,-7.002631113861568224e-12
4.354280605912208557e-02,-7.164989088148665530e-12
